{
  "entropy": 6.950398296687542,
  "entanglement": 0.023857637974001675,
  "coherence": 0.008999166172403124,
  "interference": 14.87058696491312,
  "bit_balance": 0.9998647186147186,
  "circular_flow": 0.5073051948051948,
  "toroidal_index": 0.11001410673178569,
  "heart_resonance": 0.005561484694545131,
  "collective_field": 1.977788066333445,
  "recursive_memory": 0.007255011827568662,
  "portal_strength": 0.028251613149314257,
  "num_samples": 4224
}