{
  "entropy": 6.947463752727606,
  "entanglement": 0.022716136918905047,
  "coherence": 0.009531576290848592,
  "interference": 14.874368787566931,
  "bit_balance": 0.9846455627705628,
  "circular_flow": 0.48924512987012986,
  "toroidal_index": 0.10542181632393435,
  "heart_resonance": 0.00589051414774443,
  "collective_field": 1.9782910487464018,
  "recursive_memory": 0.007675666836948423,
  "portal_strength": 0.02844613751370282,
  "num_samples": 4224
}