{
  "entropy": 6.946339577902636,
  "entanglement": 0.01838855458118715,
  "coherence": 0.009735533723378856,
  "interference": 14.865208608001717,
  "bit_balance": 0.9987824675324676,
  "circular_flow": 0.49594155844155846,
  "toroidal_index": 0.09549685029613078,
  "heart_resonance": 0.006016559841048133,
  "collective_field": 1.9770727448642287,
  "recursive_memory": 0.00780673709970724,
  "portal_strength": 0.027304190229926112,
  "num_samples": 4224
}