{
  "entropy": 6.936374590690446,
  "entanglement": 0.025229438595594577,
  "coherence": 0.011543467117590564,
  "interference": 14.804660126921943,
  "bit_balance": 0.9636093073593074,
  "circular_flow": 0.5019615800865801,
  "toroidal_index": 0.11253536716135955,
  "heart_resonance": 0.007133862678670969,
  "collective_field": 1.9690197968806185,
  "recursive_memory": 0.009318663238121324,
  "portal_strength": 0.032383316521861175,
  "num_samples": 4224
}