{
  "entropy": 6.889909862063202,
  "entanglement": 0.03659656473470964,
  "coherence": 0.01997349645424762,
  "interference": 14.876959614815721,
  "bit_balance": 0.9813988095238095,
  "circular_flow": 0.5027056277056277,
  "toroidal_index": 0.1356366434516567,
  "heart_resonance": 0.01234362080872503,
  "collective_field": 1.9786356287704912,
  "recursive_memory": 0.016302722685207865,
  "portal_strength": 0.04702389375779907,
  "num_samples": 4224
}