{
  "entropy": 6.899506953831418,
  "entanglement": 0.02684241057654129,
  "coherence": 0.01823230980487137,
  "interference": 14.839820903801753,
  "bit_balance": 0.9947916666666666,
  "circular_flow": 0.4934388528138528,
  "toroidal_index": 0.11508730721346713,
  "heart_resonance": 0.011267567459410507,
  "collective_field": 1.9736961802056332,
  "recursive_memory": 0.014741503110560964,
  "portal_strength": 0.04118931775683364,
  "num_samples": 4224
}