{
  "entropy": 6.953991348961378,
  "entanglement": 0.02363722655556456,
  "coherence": 0.008347283831292738,
  "interference": 14.901714184255457,
  "bit_balance": 0.988365800865801,
  "circular_flow": 0.5049377705627706,
  "toroidal_index": 0.10924892896158701,
  "heart_resonance": 0.0051586214077389125,
  "collective_field": 1.9819279865059758,
  "recursive_memory": 0.006728023992391029,
  "portal_strength": 0.027111425915959872,
  "num_samples": 4224
}