{
  "entropy": 6.924116605244273,
  "entanglement": 0.029398594084382914,
  "coherence": 0.013767415905681844,
  "interference": 14.883945661082436,
  "bit_balance": 0.9844426406926406,
  "circular_flow": 0.4981060606060606,
  "toroidal_index": 0.12101081723023198,
  "heart_resonance": 0.00850826302971138,
  "collective_field": 1.979564772923964,
  "recursive_memory": 0.011159179982270756,
  "portal_strength": 0.03674753718650857,
  "num_samples": 4224
}