{
  "entropy": 6.927423854638573,
  "entanglement": 0.025552007197617452,
  "coherence": 0.013167386372716038,
  "interference": 14.815511871730395,
  "bit_balance": 0.9660443722943723,
  "circular_flow": 0.4889745670995671,
  "toroidal_index": 0.11177782274664333,
  "heart_resonance": 0.008137444778338512,
  "collective_field": 1.9704630789401427,
  "recursive_memory": 0.010632944507153927,
  "portal_strength": 0.03447502554597381,
  "num_samples": 4224
}