{
  "entropy": 6.9282314252989945,
  "entanglement": 0.027925895064162015,
  "coherence": 0.013020869981468142,
  "interference": 14.83551964159855,
  "bit_balance": 0.9880275974025974,
  "circular_flow": 0.5032467532467533,
  "toroidal_index": 0.11854794820050268,
  "heart_resonance": 0.008046897648547312,
  "collective_field": 1.973124112332607,
  "recursive_memory": 0.01053896805528718,
  "portal_strength": 0.03534647138124168,
  "num_samples": 4224
}