{
  "entropy": 6.8919185988330085,
  "entanglement": 0.02655270649422901,
  "coherence": 0.01960905421172564,
  "interference": 14.836280948969229,
  "bit_balance": 0.9784226190476191,
  "circular_flow": 0.4889069264069264,
  "toroidal_index": 0.11393771157908492,
  "heart_resonance": 0.012118395502846446,
  "collective_field": 1.9732253662129076,
  "recursive_memory": 0.015850179269951983,
  "portal_strength": 0.04249627223812202,
  "num_samples": 4224
}