{
  "entropy": 6.941009938964552,
  "entanglement": 0.022181241531177183,
  "coherence": 0.01070248250214567,
  "interference": 14.903340444777372,
  "bit_balance": 0.9879599567099566,
  "circular_flow": 0.49770021645021645,
  "toroidal_index": 0.10506954226226274,
  "heart_resonance": 0.006614134186326024,
  "collective_field": 1.9821442791553907,
  "recursive_memory": 0.008614076261030678,
  "portal_strength": 0.030084498496048044,
  "num_samples": 4224
}