{
  "entropy": 6.958605202592507,
  "entanglement": 0.0225149799772172,
  "coherence": 0.0075101989582166614,
  "interference": 14.839026197533444,
  "bit_balance": 0.9960768398268398,
  "circular_flow": 0.4972267316017316,
  "toroidal_index": 0.1058066628627429,
  "heart_resonance": 0.004641302956177896,
  "collective_field": 1.973590484271948,
  "recursive_memory": 0.006046685777469156,
  "portal_strength": 0.025293865728544175,
  "num_samples": 4224
}