{
  "entropy": 6.874089998651621,
  "entanglement": 0.035086604089116326,
  "coherence": 0.02284367167320593,
  "interference": 14.830728267962582,
  "bit_balance": 0.9587391774891776,
  "circular_flow": 0.49499458874458874,
  "toroidal_index": 0.13178649081577498,
  "heart_resonance": 0.014117389094041265,
  "collective_field": 1.9724868596390237,
  "recursive_memory": 0.018618250816649976,
  "portal_strength": 0.049534169421261494,
  "num_samples": 4224
}