{
  "entropy": 6.9347097232878845,
  "entanglement": 0.031063899780478937,
  "coherence": 0.011845521632055303,
  "interference": 14.850858065365669,
  "bit_balance": 0.9895833333333333,
  "circular_flow": 0.4962121212121212,
  "toroidal_index": 0.12415427339883311,
  "heart_resonance": 0.007320532368610177,
  "collective_field": 1.9751641226936338,
  "recursive_memory": 0.009616921046362964,
  "portal_strength": 0.034554042380670016,
  "num_samples": 4224
}