{
  "entropy": 6.9152195280180395,
  "entanglement": 0.03420149483950215,
  "coherence": 0.015381599916727075,
  "interference": 14.85191173142678,
  "bit_balance": 0.9524485930735931,
  "circular_flow": 0.48795995670995673,
  "toroidal_index": 0.1291857575017435,
  "heart_resonance": 0.009505828748537332,
  "collective_field": 1.9753042602797617,
  "recursive_memory": 0.012525727265277405,
  "portal_strength": 0.04022618009487234,
  "num_samples": 4224
}