{
  "entropy": 6.92528982187143,
  "entanglement": 0.031038481063028936,
  "coherence": 0.013554560889040548,
  "interference": 14.872451783810126,
  "bit_balance": 0.9857954545454546,
  "circular_flow": 0.4987824675324675,
  "toroidal_index": 0.12442447577979719,
  "heart_resonance": 0.008376718629427059,
  "collective_field": 1.9780360872467468,
  "recursive_memory": 0.01100415265394701,
  "portal_strength": 0.03700251241967525,
  "num_samples": 4224
}