{
  "entropy": 6.940892037372711,
  "entanglement": 0.01577731167175358,
  "coherence": 0.010723873219522435,
  "interference": 14.842161647821984,
  "bit_balance": 0.9475784632034632,
  "circular_flow": 0.5008116883116883,
  "toroidal_index": 0.08889016872157807,
  "heart_resonance": 0.006627353649664865,
  "collective_field": 1.974007499160324,
  "recursive_memory": 0.00857721819656316,
  "portal_strength": 0.027612141761447783,
  "num_samples": 4224
}